name	repo	path	commit	status
ashpaper_ashpaper_src_grammar	shnewto/ashpaper	ashpaper/src/grammar.pest	ca3d391	ok
caith_src_caith	Geobert/caith	src/caith.pest	ad1c892	ok
elastic_src_expr	cch123/elastic-rs	src/expr.pest	b0eabc3	ok
melody_crates_melody_compiler_src_ast_types_pest_grammar	yoav-lavi/melody	crates/melody_compiler/src/ast/types/pest/grammar.pest	f4af9b4	ok
mt940_src_mt940	svenstaro/mt940-rs	src/mt940.pest	9cf76ca	skip
pest_derive_examples_base	pest-parser/pest	derive/examples/base.pest	24ed7bc	ok
pest_derive_examples_calc	pest-parser/pest	derive/examples/calc.pest	24ed7bc	ok
pest_derive_examples_help-menu	pest-parser/pest	derive/examples/help-menu.pest	24ed7bc	ok
pest_derive_tests_grammar	pest-parser/pest	derive/tests/grammar.pest	24ed7bc	ok
pest_derive_tests_implicit	pest-parser/pest	derive/tests/implicit.pest	24ed7bc	ok
pest_derive_tests_lists	pest-parser/pest	derive/tests/lists.pest	24ed7bc	ok
pest_derive_tests_oneormore	pest-parser/pest	derive/tests/oneormore.pest	24ed7bc	ok
pest_derive_tests_opt	pest-parser/pest	derive/tests/opt.pest	24ed7bc	ok
pest_derive_tests_reporting	pest-parser/pest	derive/tests/reporting.pest	24ed7bc	ok
pest_derive_tests_surround	pest-parser/pest	derive/tests/surround.pest	24ed7bc	ok
pest_generator_tests_base	pest-parser/pest	generator/tests/base.pest	24ed7bc	ok
pest_generator_tests_test	pest-parser/pest	generator/tests/test.pest	24ed7bc	ok
pest_grammars_src_grammars_http	pest-parser/pest	grammars/src/grammars/http.pest	24ed7bc	ok
pest_grammars_src_grammars_json	pest-parser/pest	grammars/src/grammars/json.pest	24ed7bc	ok
pest_grammars_src_grammars_sql	pest-parser/pest	grammars/src/grammars/sql.pest	24ed7bc	ok
pest_grammars_src_grammars_toml	pest-parser/pest	grammars/src/grammars/toml.pest	24ed7bc	ok
pest_meta_src_grammar	pest-parser/pest	meta/src/grammar.pest	24ed7bc	skip
pest_vm_tests_grammar	pest-parser/pest	vm/tests/grammar.pest	24ed7bc	ok
pest_vm_tests_lists	pest-parser/pest	vm/tests/lists.pest	24ed7bc	ok
pest_vm_tests_reporting	pest-parser/pest	vm/tests/reporting.pest	24ed7bc	ok
pest_vm_tests_surround	pest-parser/pest	vm/tests/surround.pest	24ed7bc	ok
pta_pta-parser_src_grammars_base	AltaModaTech/pta-parser	pta-parser/src/grammars/base.pest	96d2452	ok
pta_pta-parser_src_grammars_beancount	AltaModaTech/pta-parser	pta-parser/src/grammars/beancount.pest	96d2452	ok
pta_pta-parser_src_grammars_generic	AltaModaTech/pta-parser	pta-parser/src/grammars/generic.pest	96d2452	ok
pyliteral_src_grammar	jturner314/py_literal	src/grammar.pest	368ccc2	ok
qubit_src_grammar	abhimanyu003/qubit	src/grammar.pest	f8d0a8f	ok
rouler_src_rouler	jarcane/rouler	src/rouler.pest	3ee34f4	ok
pta_full_generic	AltaModaTech/pta-parser	grammars/base.pest + grammars/generic.pest	96d2452	ok
pta_full_beancount	AltaModaTech/pta-parser	grammars/base.pest + grammars/beancount.pest	96d2452	ok
